﻿designator,quantity,value,pack,mpn,mount_type
"C1, C12, C13, C14, C16, C17, C18, C2, C23, C28, C30, C32, C34, C4, C5, C7",16,100n,C_0603_1608Metric_Pad1.08x0.95mm_HandSolder,CL10B104KB8NNWC,smt
"C10, C15, C6, C9",4,10n,C_0603_1608Metric_Pad1.08x0.95mm_HandSolder,CL10B103KB8NNNC,smt
"C11, C3",2,100p,C_0603_1608Metric_Pad1.08x0.95mm_HandSolder,GCM1885C2A101JA16D,smt
"C19, C20, C27",3,22u,C_1210_3225Metric_Pad1.33x2.70mm_HandSolder,CL32B226KAJNNNE,smt
"C21, C22, C24, C25, C26, C29, C31, C33, C35",9,4.7u,C_0805_2012Metric_Pad1.18x1.45mm_HandSolder,CL21A475KLCLQNC,smt
C8,1,1n,C_0603_1608Metric_Pad1.08x0.95mm_HandSolder,CL10B102KB8NNNC,smt
"D1, D2, D3, D4",4,NSR0340HT1G,D_SOD-323_HandSoldering,NSR0340HT1G,smt
"J1, J2",2,Conn_01x03,PinHeader_1x03_P2.54mm_Vertical,,tht
J3,1,Conn_01x10,PinHeader_1x10_P2.54mm_Vertical,,tht
"R1, R12, R14, R18, R20, R5, R9",7,1.5k,R_0603_1608Metric_Pad0.98x0.95mm_HandSolder,RMCF0603FT1K50,smt
"R10, R21, R8",3,10k,R_0603_1608Metric_Pad0.98x0.95mm_HandSolder,RMCF0603FT10K0,smt
R11,1,100k,R_0603_1608Metric_Pad0.98x0.95mm_HandSolder,RMCF0603FT100K,smt
"R13, R19",2,4.7k,R_0603_1608Metric_Pad0.98x0.95mm_HandSolder,RMCF0603FT4K70,smt
"R15, R16, R17, R23, R28, R31, R33",7,0R,R_0603_1608Metric_Pad0.98x0.95mm_HandSolder,RMCF0603ZT0R00,smt
R2,1,120R,R_0603_1608Metric_Pad0.98x0.95mm_HandSolder,RMCF0603FT120R,smt
R22,1,1M,R_0603_1608Metric_Pad0.98x0.95mm_HandSolder,RMCF0603FT1M00,smt
"R24, R27, R3, R30, R32",5,DNP,DNP_R_0603_1608Metric_Pad0.98x0.95mm_HandSolder,-,smt
"R25, R26, R29",3,250m,R_1206_3216Metric_Pad1.30x1.75mm_HandSolder,CSR1206FKR250,smt
R4,1,22R,R_0603_1608Metric_Pad0.98x0.95mm_HandSolder,RMCF0603FT22R0,smt
"R6, R7",2,1k 0.1%,R_0603_1608Metric_Pad0.98x0.95mm_HandSolder,RNCF0603BTE1K00,smt
"TP1, TP10, TP11, TP12, TP13, TP14, TP15, TP16, TP17, TP18, TP19, TP2, TP20, TP21, TP22, TP23, TP24, TP25, TP26, TP27, TP28, TP29, TP3, TP4, TP6, TP7, TP8, TP9",28,-,TestPoint_Pad_D2.0mm,,tht
U1,1,HFBR-2521Z,Broadcom_xFBR_RX,HFBR-2521Z,tht
U10,1,AD8601,SOT-23-6_Handsoldering,AD8601WDRTZ-REEL7,smt
"U11, U12",2,BD50FC0FP-E2,TO-252-2,BD50FC0FP-E2,smt
U13,1,BD33FC0FP-E2,TO-252-2,BD33FC0FP-E2,smt
U14,1,REF3433TIDBVR,SOT-23-6,REF3433TIDBVR,smt
U2,1,AFBR-1528CZ,Broadcom_xFBR_TX,AFBR-1528CZ,tht
"U3, U4, U9",3,74LVC1G97,SOT-363_SC-70-6_Handsoldering,"74LVC1G97GW,125",smt
U5,1,74LV1T04,SOT-23-5_HandSoldering,SN74LV1T04DBVR,smt
U6,1,LT6230,TSOT-23-6,LT6230CS6#TRPBF,smt
"U7, U8",2,MAX9011EUT+T,SOT-23-6_Handsoldering,MAX9011EUT+T,smt
kibuzzard-65FA71D7,1,G***,kibuzzard-65FA71D7,,tht
kibuzzard-65FA722F,1,G***,kibuzzard-65FA722F,,tht
kibuzzard-65FA7252,1,G***,kibuzzard-65FA7252,,tht
