﻿pos_x,pos_y,rotation,side,designator,mpn,pack,value,mount_type,place
103.5,-75.0,180.0,top,C1,CL10B104KB8NNWC,C_0603_1608Metric_Pad1.08x0.95mm_HandSolder,100n,smt,True
136.0,-83.5,90.0,top,C10,CL10B103KB8NNNC,C_0603_1608Metric_Pad1.08x0.95mm_HandSolder,10n,smt,True
134.0,-80.5,0.0,top,C11,GCM1885C2A101JA16D,C_0603_1608Metric_Pad1.08x0.95mm_HandSolder,100p,smt,True
142.25,-72.75,0.0,top,C12,CL10B104KB8NNWC,C_0603_1608Metric_Pad1.08x0.95mm_HandSolder,100n,smt,True
142.25,-79.25,0.0,top,C13,CL10B104KB8NNWC,C_0603_1608Metric_Pad1.08x0.95mm_HandSolder,100n,smt,True
144.25,-55.25,-90.0,top,C14,CL10B104KB8NNWC,C_0603_1608Metric_Pad1.08x0.95mm_HandSolder,100n,smt,True
151.25,-49.75,90.0,top,C15,CL10B103KB8NNNC,C_0603_1608Metric_Pad1.08x0.95mm_HandSolder,10n,smt,True
141.25,-49.75,-90.0,top,C16,CL10B104KB8NNWC,C_0603_1608Metric_Pad1.08x0.95mm_HandSolder,100n,smt,True
147.25,-49.75,-90.0,top,C17,CL10B104KB8NNWC,C_0603_1608Metric_Pad1.08x0.95mm_HandSolder,100n,smt,True
145.25,-43.25,180.0,top,C18,CL10B104KB8NNWC,C_0603_1608Metric_Pad1.08x0.95mm_HandSolder,100n,smt,True
134.0,-67.5,90.0,top,C19,CL32B226KAJNNNE,C_1210_3225Metric_Pad1.33x2.70mm_HandSolder,22u,smt,True
103.5,-52.0,180.0,top,C2,CL10B104KB8NNWC,C_0603_1608Metric_Pad1.08x0.95mm_HandSolder,100n,smt,True
114.0,-67.5,90.0,top,C20,CL32B226KAJNNNE,C_1210_3225Metric_Pad1.33x2.70mm_HandSolder,22u,smt,True
128.5,-67.0,90.0,top,C21,CL21A475KLCLQNC,C_0805_2012Metric_Pad1.18x1.45mm_HandSolder,4.7u,smt,True
117.0,-67.5,90.0,top,C22,CL21A475KLCLQNC,C_0805_2012Metric_Pad1.18x1.45mm_HandSolder,4.7u,smt,True
145.0,-76.0,90.0,top,C23,CL10B104KB8NNWC,C_0603_1608Metric_Pad1.08x0.95mm_HandSolder,100n,smt,True
147.0,-76.0,90.0,top,C24,CL21A475KLCLQNC,C_0805_2012Metric_Pad1.18x1.45mm_HandSolder,4.7u,smt,True
137.0,-67.5,-90.0,top,C25,CL21A475KLCLQNC,C_0805_2012Metric_Pad1.18x1.45mm_HandSolder,4.7u,smt,True
123.0,-67.0,90.0,top,C26,CL21A475KLCLQNC,C_0805_2012Metric_Pad1.18x1.45mm_HandSolder,4.7u,smt,True
137.5,-51.5,180.0,top,C27,CL32B226KAJNNNE,C_1210_3225Metric_Pad1.33x2.70mm_HandSolder,22u,smt,True
137.5,-49.0,180.0,top,C28,CL10B104KB8NNWC,C_0603_1608Metric_Pad1.08x0.95mm_HandSolder,100n,smt,True
125.0,-67.0,90.0,top,C29,CL21A475KLCLQNC,C_0805_2012Metric_Pad1.18x1.45mm_HandSolder,4.7u,smt,True
115.5,-43.0,0.0,top,C3,GCM1885C2A101JA16D,C_0603_1608Metric_Pad1.08x0.95mm_HandSolder,100p,smt,True
145.0,-82.5,90.0,top,C30,CL10B104KB8NNWC,C_0603_1608Metric_Pad1.08x0.95mm_HandSolder,100n,smt,True
147.0,-82.5,90.0,top,C31,CL21A475KLCLQNC,C_0805_2012Metric_Pad1.18x1.45mm_HandSolder,4.7u,smt,True
137.5,-41.0,180.0,top,C32,CL10B104KB8NNWC,C_0603_1608Metric_Pad1.08x0.95mm_HandSolder,100n,smt,True
137.5,-43.0,180.0,top,C33,CL21A475KLCLQNC,C_0805_2012Metric_Pad1.18x1.45mm_HandSolder,4.7u,smt,True
127.0,-83.5,90.0,top,C34,CL10B104KB8NNWC,C_0603_1608Metric_Pad1.08x0.95mm_HandSolder,100n,smt,True
129.0,-83.5,90.0,top,C35,CL21A475KLCLQNC,C_0805_2012Metric_Pad1.18x1.45mm_HandSolder,4.7u,smt,True
113.5,-81.5,-90.0,top,C4,CL10B104KB8NNWC,C_0603_1608Metric_Pad1.08x0.95mm_HandSolder,100n,smt,True
118.5,-48.5,-90.0,top,C5,CL10B104KB8NNWC,C_0603_1608Metric_Pad1.08x0.95mm_HandSolder,100n,smt,True
120.0,-81.5,0.0,top,C6,CL10B103KB8NNNC,C_0603_1608Metric_Pad1.08x0.95mm_HandSolder,10n,smt,True
142.1625,-88.25,180.0,top,C7,CL10B104KB8NNWC,C_0603_1608Metric_Pad1.08x0.95mm_HandSolder,100n,smt,True
138.6625,-88.25,180.0,top,C8,CL10B102KB8NNNC,C_0603_1608Metric_Pad1.08x0.95mm_HandSolder,1n,smt,True
127.0,-79.5,90.0,top,C9,CL10B103KB8NNNC,C_0603_1608Metric_Pad1.08x0.95mm_HandSolder,10n,smt,True
109.0,-62.5,90.0,top,D1,NSR0340HT1G,D_SOD-323_HandSoldering,NSR0340HT1G,smt,True
139.0,-62.5,90.0,top,D2,NSR0340HT1G,D_SOD-323_HandSoldering,NSR0340HT1G,smt,True
119.0,-62.5,90.0,top,D3,NSR0340HT1G,D_SOD-323_HandSoldering,NSR0340HT1G,smt,True
129.0,-62.5,90.0,top,D4,NSR0340HT1G,D_SOD-323_HandSoldering,NSR0340HT1G,smt,True
99.5,-56.46,0.0,top,J1,,PinHeader_1x03_P2.54mm_Vertical,Conn_01x03,tht,True
99.5,-65.46,0.0,top,J2,,PinHeader_1x03_P2.54mm_Vertical,Conn_01x03,tht,True
162.5,-52.075,0.0,top,J3,,PinHeader_1x10_P2.54mm_Vertical,Conn_01x10,tht,True
111.5,-81.5,-90.0,top,R1,RMCF0603FT1K50,R_0603_1608Metric_Pad0.98x0.95mm_HandSolder,1.5k,smt,True
135.1625,-86.5,180.0,top,R10,RMCF0603FT10K0,R_0603_1608Metric_Pad0.98x0.95mm_HandSolder,10k,smt,True
134.0,-78.5,0.0,top,R11,RMCF0603FT100K,R_0603_1608Metric_Pad0.98x0.95mm_HandSolder,100k,smt,True
145.6625,-86.5,180.0,top,R12,RMCF0603FT1K50,R_0603_1608Metric_Pad0.98x0.95mm_HandSolder,1.5k,smt,True
142.1625,-86.5,180.0,top,R13,RMCF0603FT4K70,R_0603_1608Metric_Pad0.98x0.95mm_HandSolder,4.7k,smt,True
138.6625,-86.5,180.0,top,R14,RMCF0603FT1K50,R_0603_1608Metric_Pad0.98x0.95mm_HandSolder,1.5k,smt,True
148.25,-58.75,90.0,top,R15,RMCF0603ZT0R00,R_0603_1608Metric_Pad0.98x0.95mm_HandSolder,0R,smt,True
146.25,-58.75,90.0,top,R16,RMCF0603ZT0R00,R_0603_1608Metric_Pad0.98x0.95mm_HandSolder,0R,smt,True
150.25,-58.75,-90.0,top,R17,RMCF0603ZT0R00,R_0603_1608Metric_Pad0.98x0.95mm_HandSolder,0R,smt,True
148.25,-52.75,0.0,top,R18,RMCF0603FT1K50,R_0603_1608Metric_Pad0.98x0.95mm_HandSolder,1.5k,smt,True
141.25,-46.0,-90.0,top,R19,RMCF0603FT4K70,R_0603_1608Metric_Pad0.98x0.95mm_HandSolder,4.7k,smt,True
115.5,-45.0,0.0,top,R2,RMCF0603FT120R,R_0603_1608Metric_Pad0.98x0.95mm_HandSolder,120R,smt,True
143.25,-49.75,-90.0,top,R20,RMCF0603FT1K50,R_0603_1608Metric_Pad0.98x0.95mm_HandSolder,1.5k,smt,True
149.25,-49.75,90.0,top,R21,RMCF0603FT10K0,R_0603_1608Metric_Pad0.98x0.95mm_HandSolder,10k,smt,True
145.25,-49.75,-90.0,top,R22,RMCF0603FT1M00,R_0603_1608Metric_Pad0.98x0.95mm_HandSolder,1M,smt,True
149.25,-46.0,90.0,top,R23,RMCF0603ZT0R00,R_0603_1608Metric_Pad0.98x0.95mm_HandSolder,0R,smt,True
151.25,-46.0,90.0,top,R24,-,DNP_R_0603_1608Metric_Pad0.98x0.95mm_HandSolder,DNP,smt,True
131.0,-67.5,-90.0,top,R25,CSR1206FKR250,R_1206_3216Metric_Pad1.30x1.75mm_HandSolder,250m,smt,True
111.0,-67.5,90.0,top,R26,CSR1206FKR250,R_1206_3216Metric_Pad1.30x1.75mm_HandSolder,250m,smt,True
138.75,-72.75,0.0,top,R27,-,DNP_R_0603_1608Metric_Pad0.98x0.95mm_HandSolder,DNP,smt,True
138.75,-74.5,0.0,top,R28,RMCF0603ZT0R00,R_0603_1608Metric_Pad0.98x0.95mm_HandSolder,0R,smt,True
139.0,-57.5,90.0,top,R29,CSR1206FKR250,R_1206_3216Metric_Pad1.30x1.75mm_HandSolder,250m,smt,True
115.5,-41.0,0.0,top,R3,-,DNP_R_0603_1608Metric_Pad0.98x0.95mm_HandSolder,DNP,smt,True
138.75,-79.25,0.0,top,R30,-,DNP_R_0603_1608Metric_Pad0.98x0.95mm_HandSolder,DNP,smt,True
138.75,-81.0,0.0,top,R31,RMCF0603ZT0R00,R_0603_1608Metric_Pad0.98x0.95mm_HandSolder,0R,smt,True
128.0,-86.5,0.0,top,R32,-,DNP_R_0603_1608Metric_Pad0.98x0.95mm_HandSolder,DNP,smt,True
131.5,-86.5,180.0,top,R33,RMCF0603ZT0R00,R_0603_1608Metric_Pad0.98x0.95mm_HandSolder,0R,smt,True
118.5,-44.0,-90.0,top,R4,RMCF0603FT22R0,R_0603_1608Metric_Pad0.98x0.95mm_HandSolder,22R,smt,True
115.5,-52.0,0.0,top,R5,RMCF0603FT1K50,R_0603_1608Metric_Pad0.98x0.95mm_HandSolder,1.5k,smt,True
145.6625,-88.25,180.0,top,R6,RNCF0603BTE1K00,R_0603_1608Metric_Pad0.98x0.95mm_HandSolder,1k 0.1%,smt,True
135.1625,-88.25,0.0,top,R7,RNCF0603BTE1K00,R_0603_1608Metric_Pad0.98x0.95mm_HandSolder,1k 0.1%,smt,True
129.0,-79.5,90.0,top,R8,RMCF0603FT10K0,R_0603_1608Metric_Pad0.98x0.95mm_HandSolder,10k,smt,True
131.0,-79.5,90.0,top,R9,RMCF0603FT1K50,R_0603_1608Metric_Pad0.98x0.95mm_HandSolder,1.5k,smt,True
112.0,-49.0,0.0,top,TP1,,TestPoint_Pad_D2.0mm,-,tht,False
112.0,-42.0,0.0,top,TP10,,TestPoint_Pad_D2.0mm,-,tht,False
112.0,-85.5,0.0,top,TP11,,TestPoint_Pad_D2.0mm,-,tht,False
115.5,-77.5,0.0,top,TP12,,TestPoint_Pad_D2.0mm,-,tht,False
121.5,-85.5,0.0,top,TP13,,TestPoint_Pad_D2.0mm,-,tht,False
124.5,-81.5,0.0,top,TP14,,TestPoint_Pad_D2.0mm,-,tht,False
124.5,-78.5,0.0,top,TP15,,TestPoint_Pad_D2.0mm,-,tht,False
135.0,-76.0,0.0,top,TP16,,TestPoint_Pad_D2.0mm,-,tht,False
149.75,-84.25,0.0,top,TP17,,TestPoint_Pad_D2.0mm,-,tht,False
138.75,-84.25,0.0,top,TP18,,TestPoint_Pad_D2.0mm,-,tht,False
144.75,-62.0,0.0,top,TP19,,TestPoint_Pad_D2.0mm,-,tht,False
112.0,-77.5,0.0,top,TP2,,TestPoint_Pad_D2.0mm,-,tht,False
149.5,-62.0,0.0,top,TP20,,TestPoint_Pad_D2.0mm,-,tht,False
152.0,-53.0,0.0,top,TP21,,TestPoint_Pad_D2.0mm,-,tht,False
108.0,-70.5,0.0,top,TP22,,TestPoint_Pad_D2.0mm,-,tht,False
127.5,-70.5,0.0,top,TP23,,TestPoint_Pad_D2.0mm,-,tht,False
118.5,-70.5,0.0,top,TP24,,TestPoint_Pad_D2.0mm,-,tht,False
142.0,-54.5,0.0,top,TP25,,TestPoint_Pad_D2.0mm,-,tht,False
142.0,-60.5,0.0,top,TP26,,TestPoint_Pad_D2.0mm,-,tht,False
141.25,-42.5,0.0,top,TP27,,TestPoint_Pad_D2.0mm,-,tht,False
121.5,-70.5,0.0,top,TP28,,TestPoint_Pad_D2.0mm,-,tht,False
124.5,-70.5,0.0,top,TP29,,TestPoint_Pad_D2.0mm,-,tht,False
142.0,-57.5,0.0,top,TP3,,TestPoint_Pad_D2.0mm,-,tht,False
124.5,-73.5,0.0,top,TP4,,TestPoint_Pad_D2.0mm,-,tht,False
124.5,-84.5,0.0,top,TP6,,TestPoint_Pad_D2.0mm,-,tht,False
121.5,-49.0,0.0,top,TP7,,TestPoint_Pad_D2.0mm,-,tht,False
121.5,-45.5,0.0,top,TP8,,TestPoint_Pad_D2.0mm,-,tht,False
112.0,-45.5,0.0,top,TP9,,TestPoint_Pad_D2.0mm,-,tht,False
97.5,-81.5,180.0,top,U1,HFBR-2521Z,Broadcom_xFBR_RX,HFBR-2521Z,tht,True
145.25,-46.0,0.0,top,U10,AD8601WDRTZ-REEL7,SOT-23-6_Handsoldering,AD8601,smt,True
134.0,-58.16,90.0,top,U11,BD50FC0FP-E2,TO-252-2,BD50FC0FP-E2,smt,True
114.0,-58.16,90.0,top,U12,BD50FC0FP-E2,TO-252-2,BD50FC0FP-E2,smt,True
124.0,-58.16,90.0,top,U13,BD33FC0FP-E2,TO-252-2,BD33FC0FP-E2,smt,True
137.5,-46.0,0.0,top,U14,REF3433TIDBVR,SOT-23-6,REF3433TIDBVR,smt,True
97.5,-45.5,180.0,top,U2,AFBR-1528CZ,Broadcom_xFBR_TX,AFBR-1528CZ,tht,True
116.0,-81.5,90.0,top,U3,"74LVC1G97GW,125",SOT-363_SC-70-6_Handsoldering,74LVC1G97,smt,True
115.5,-48.5,90.0,top,U4,"74LVC1G97GW,125",SOT-363_SC-70-6_Handsoldering,74LVC1G97,smt,True
120.0,-78.5,0.0,top,U5,SN74LV1T04DBVR,SOT-23-5_HandSoldering,74LV1T04,smt,True
132.5,-83.5,180.0,top,U6,LT6230CS6#TRPBF,TSOT-23-6,LT6230,smt,True
142.25,-76.0,-90.0,top,U7,MAX9011EUT+T,SOT-23-6_Handsoldering,MAX9011EUT+T,smt,True
142.25,-82.5,-90.0,top,U8,MAX9011EUT+T,SOT-23-6_Handsoldering,MAX9011EUT+T,smt,True
148.25,-55.25,180.0,top,U9,"74LVC1G97GW,125",SOT-363_SC-70-6_Handsoldering,74LVC1G97,smt,True
145.7,-43.4,180.0,bottom,kibuzzard-65FA71D7,,kibuzzard-65FA71D7,G***,tht,False
150.2,-48.5,180.0,bottom,kibuzzard-65FA722F,,kibuzzard-65FA722F,G***,tht,False
150.5,-84.8,180.0,bottom,kibuzzard-65FA7252,,kibuzzard-65FA7252,G***,tht,False
